{"loss": 0.17367367446422577, "accuracy": 0.9758999943733215}